source,length,rep,hvg_algorithm,time_in_seconds
fbm_0.20,131072,0,dual_tree_hvg,0.7673669259529561
fbm_0.20,131072,1,dual_tree_hvg,0.680193057982251
fbm_0.20,131072,2,dual_tree_hvg,0.8679527960484847
fbm_0.20,131072,3,dual_tree_hvg,0.9077151590026915
fbm_0.20,131072,4,dual_tree_hvg,0.8990481019718572
fbm_0.20,131072,5,dual_tree_hvg,1.0142204810399562
fbm_0.20,131072,6,dual_tree_hvg,1.0823777109617367
fbm_0.20,131072,7,dual_tree_hvg,1.0352132950210944
fbm_0.20,131072,8,dual_tree_hvg,0.7939922210061923
fbm_0.20,131072,9,dual_tree_hvg,0.7340257300529629
fbm_0.25,131072,0,dual_tree_hvg,1.0754812859231606
fbm_0.25,131072,1,dual_tree_hvg,1.2305000229971483
fbm_0.25,131072,2,dual_tree_hvg,1.0950086090015247
fbm_0.25,131072,3,dual_tree_hvg,1.0741126720095053
fbm_0.25,131072,4,dual_tree_hvg,1.1147035020403564
fbm_0.25,131072,5,dual_tree_hvg,1.0992336890194565
fbm_0.25,131072,6,dual_tree_hvg,1.1364341240841895
fbm_0.25,131072,7,dual_tree_hvg,1.2079237969592214
fbm_0.25,131072,8,dual_tree_hvg,1.2675044620409608
fbm_0.25,131072,9,dual_tree_hvg,0.8327496190322563
fbm_0.30,131072,0,dual_tree_hvg,1.3659311509691179
fbm_0.30,131072,1,dual_tree_hvg,0.973861726000905
fbm_0.30,131072,2,dual_tree_hvg,1.3064277240773663
fbm_0.30,131072,3,dual_tree_hvg,1.3939410370076075
fbm_0.30,131072,4,dual_tree_hvg,1.0681756699923426
fbm_0.30,131072,5,dual_tree_hvg,1.3827217860380188
fbm_0.30,131072,6,dual_tree_hvg,1.2789190240437165
fbm_0.30,131072,7,dual_tree_hvg,1.111351197003387
fbm_0.30,131072,8,dual_tree_hvg,1.5341787290526554
fbm_0.30,131072,9,dual_tree_hvg,1.4832352980738506
fbm_0.35,131072,0,dual_tree_hvg,1.3270729809300974
fbm_0.35,131072,1,dual_tree_hvg,1.625383764039725
fbm_0.35,131072,2,dual_tree_hvg,1.6516898680711165
fbm_0.35,131072,3,dual_tree_hvg,1.4571247149724513
fbm_0.35,131072,4,dual_tree_hvg,1.6252671799156815
fbm_0.35,131072,5,dual_tree_hvg,1.6011787879979238
fbm_0.35,131072,6,dual_tree_hvg,1.4499210369540378
fbm_0.35,131072,7,dual_tree_hvg,1.5426475870190188
fbm_0.35,131072,8,dual_tree_hvg,1.6703301990637556
fbm_0.35,131072,9,dual_tree_hvg,1.8110964170191437
fbm_0.40,131072,0,dual_tree_hvg,1.250994752976112
fbm_0.40,131072,1,dual_tree_hvg,1.697825810057111
fbm_0.40,131072,2,dual_tree_hvg,1.514644952956587
fbm_0.40,131072,3,dual_tree_hvg,1.6764966760529205
fbm_0.40,131072,4,dual_tree_hvg,1.420071262982674
fbm_0.40,131072,5,dual_tree_hvg,1.679539115051739
fbm_0.40,131072,6,dual_tree_hvg,1.644434018060565
fbm_0.40,131072,7,dual_tree_hvg,1.7841837470186874
fbm_0.40,131072,8,dual_tree_hvg,1.6849124330328777
fbm_0.40,131072,9,dual_tree_hvg,1.3861810950329527
fbm_0.45,131072,0,dual_tree_hvg,1.5854276239406317
fbm_0.45,131072,1,dual_tree_hvg,1.6292034239741042
fbm_0.45,131072,2,dual_tree_hvg,1.4340624749893323
fbm_0.45,131072,3,dual_tree_hvg,1.5345423079561442
fbm_0.45,131072,4,dual_tree_hvg,1.7033420879160985
fbm_0.45,131072,5,dual_tree_hvg,1.5360378950135782
fbm_0.45,131072,6,dual_tree_hvg,1.660980864893645
fbm_0.45,131072,7,dual_tree_hvg,1.6403392161009833
fbm_0.45,131072,8,dual_tree_hvg,1.7272125340532511
fbm_0.45,131072,9,dual_tree_hvg,1.792332952027209
fbm_0.50,131072,0,dual_tree_hvg,1.6176185690565035
fbm_0.50,131072,1,dual_tree_hvg,1.9477801059838384
fbm_0.50,131072,2,dual_tree_hvg,1.5133949499577284
fbm_0.50,131072,3,dual_tree_hvg,1.5970309060066938
fbm_0.50,131072,4,dual_tree_hvg,1.8443698299815878
fbm_0.50,131072,5,dual_tree_hvg,1.7900694570271298
fbm_0.50,131072,6,dual_tree_hvg,1.8199409240623936
fbm_0.50,131072,7,dual_tree_hvg,1.6847067240159959
fbm_0.50,131072,8,dual_tree_hvg,1.6796319599961862
fbm_0.50,131072,9,dual_tree_hvg,1.6817648879950866
fbm_0.55,131072,0,dual_tree_hvg,1.8938737550051883
fbm_0.55,131072,1,dual_tree_hvg,1.7360348399961367
fbm_0.55,131072,2,dual_tree_hvg,1.8450429649092257
fbm_0.55,131072,3,dual_tree_hvg,1.6548459549667314
fbm_0.55,131072,4,dual_tree_hvg,1.906272169901058
fbm_0.55,131072,5,dual_tree_hvg,1.6180511900456622
fbm_0.55,131072,6,dual_tree_hvg,1.9731458859751
fbm_0.55,131072,7,dual_tree_hvg,1.6985269339056686
fbm_0.55,131072,8,dual_tree_hvg,1.6900557490298524
fbm_0.55,131072,9,dual_tree_hvg,1.6882553979521617
fbm_0.60,131072,0,dual_tree_hvg,2.0294084310298786
fbm_0.60,131072,1,dual_tree_hvg,1.7293071660678834
fbm_0.60,131072,2,dual_tree_hvg,1.953775406931527
fbm_0.60,131072,3,dual_tree_hvg,1.8759370649931952
fbm_0.60,131072,4,dual_tree_hvg,1.9800115999532863
fbm_0.60,131072,5,dual_tree_hvg,2.077452852972783
fbm_0.60,131072,6,dual_tree_hvg,2.026002687984146
fbm_0.60,131072,7,dual_tree_hvg,1.7433590099681169
fbm_0.60,131072,8,dual_tree_hvg,1.903355490998365
fbm_0.60,131072,9,dual_tree_hvg,1.8188611350487918
fbm_0.65,131072,0,dual_tree_hvg,1.9490465469425544
fbm_0.65,131072,1,dual_tree_hvg,1.752899148967117
fbm_0.65,131072,2,dual_tree_hvg,1.630268441978842
fbm_0.65,131072,3,dual_tree_hvg,1.6543136880500242
fbm_0.65,131072,4,dual_tree_hvg,1.812848828965798
fbm_0.65,131072,5,dual_tree_hvg,1.8921895599924028
fbm_0.65,131072,6,dual_tree_hvg,1.7271604429697618
fbm_0.65,131072,7,dual_tree_hvg,1.7930279610445723
fbm_0.65,131072,8,dual_tree_hvg,1.8798673190176487
fbm_0.65,131072,9,dual_tree_hvg,1.6150223989970982
fbm_0.70,131072,0,dual_tree_hvg,1.8059148259926587
fbm_0.70,131072,1,dual_tree_hvg,2.1360907360212877
fbm_0.70,131072,2,dual_tree_hvg,1.657234375947155
fbm_0.70,131072,3,dual_tree_hvg,2.0361326690763235
fbm_0.70,131072,4,dual_tree_hvg,2.305224278010428
fbm_0.70,131072,5,dual_tree_hvg,1.7783082959940657
fbm_0.70,131072,6,dual_tree_hvg,2.144373005023226
fbm_0.70,131072,7,dual_tree_hvg,1.9977453619940206
fbm_0.70,131072,8,dual_tree_hvg,2.007196230930276
fbm_0.70,131072,9,dual_tree_hvg,2.0013184170238674
fbm_0.75,131072,0,dual_tree_hvg,1.929418834974058
fbm_0.75,131072,1,dual_tree_hvg,2.301327185938135
fbm_0.75,131072,2,dual_tree_hvg,1.61025055591017
fbm_0.75,131072,3,dual_tree_hvg,2.2248427810845897
fbm_0.75,131072,4,dual_tree_hvg,1.8637511589331552
fbm_0.75,131072,5,dual_tree_hvg,1.985723077901639
fbm_0.75,131072,6,dual_tree_hvg,1.5461535829817876
fbm_0.75,131072,7,dual_tree_hvg,2.161739103961736
fbm_0.75,131072,8,dual_tree_hvg,1.8229653079761192
fbm_0.75,131072,9,dual_tree_hvg,1.5160935110179707
fbm_0.80,131072,0,dual_tree_hvg,1.0848925659665838
fbm_0.80,131072,1,dual_tree_hvg,1.228019849047996
fbm_0.80,131072,2,dual_tree_hvg,2.3528620849829167
fbm_0.80,131072,3,dual_tree_hvg,1.169204807956703
fbm_0.80,131072,4,dual_tree_hvg,1.9024772689444944
fbm_0.80,131072,5,dual_tree_hvg,0.8902174800168723
fbm_0.80,131072,6,dual_tree_hvg,1.345434509916231
fbm_0.80,131072,7,dual_tree_hvg,1.2652180270524696
fbm_0.80,131072,8,dual_tree_hvg,1.3126114240149036
fbm_0.80,131072,9,dual_tree_hvg,0.9263378179166466
linear_trend_0.0,131072,0,dual_tree_hvg,0.9074323349632323
linear_trend_0.0,131072,1,dual_tree_hvg,0.9417018489912152
linear_trend_0.0,131072,2,dual_tree_hvg,0.9612480829237029
linear_trend_0.0,131072,3,dual_tree_hvg,0.8028741630259901
linear_trend_0.0,131072,4,dual_tree_hvg,1.4941563280299306
linear_trend_0.0,131072,5,dual_tree_hvg,1.061396914999932
linear_trend_0.0,131072,6,dual_tree_hvg,0.9444652439560741
linear_trend_0.0,131072,7,dual_tree_hvg,1.1656722099287435
linear_trend_0.0,131072,8,dual_tree_hvg,1.0123182559618726
linear_trend_0.0,131072,9,dual_tree_hvg,1.0142366079380736
linear_trend_0.2,131072,0,dual_tree_hvg,0.8635231620864943
linear_trend_0.2,131072,1,dual_tree_hvg,1.3156577949412167
linear_trend_0.2,131072,2,dual_tree_hvg,0.9853299510432407
linear_trend_0.2,131072,3,dual_tree_hvg,0.8418683839263394
linear_trend_0.2,131072,4,dual_tree_hvg,0.9197074449621141
linear_trend_0.2,131072,5,dual_tree_hvg,1.0225238989805803
linear_trend_0.2,131072,6,dual_tree_hvg,1.1002898330334574
linear_trend_0.2,131072,7,dual_tree_hvg,0.9313739279750735
linear_trend_0.2,131072,8,dual_tree_hvg,0.9518298670882359
linear_trend_0.2,131072,9,dual_tree_hvg,1.1459609509911388
linear_trend_0.4,131072,0,dual_tree_hvg,1.2923017819412053
linear_trend_0.4,131072,1,dual_tree_hvg,0.9651066899532452
linear_trend_0.4,131072,2,dual_tree_hvg,1.0391724610235542
linear_trend_0.4,131072,3,dual_tree_hvg,1.127200981019996
linear_trend_0.4,131072,4,dual_tree_hvg,1.0554457190446556
linear_trend_0.4,131072,5,dual_tree_hvg,1.2338145810645074
linear_trend_0.4,131072,6,dual_tree_hvg,1.040161496028304
linear_trend_0.4,131072,7,dual_tree_hvg,1.1722464519552886
linear_trend_0.4,131072,8,dual_tree_hvg,1.056979684974067
linear_trend_0.4,131072,9,dual_tree_hvg,0.9386393619934097
linear_trend_0.6,131072,0,dual_tree_hvg,0.9748226869851351
linear_trend_0.6,131072,1,dual_tree_hvg,0.9254806450335309
linear_trend_0.6,131072,2,dual_tree_hvg,1.2104758260538802
linear_trend_0.6,131072,3,dual_tree_hvg,1.1377969650784507
linear_trend_0.6,131072,4,dual_tree_hvg,1.0550689339870587
linear_trend_0.6,131072,5,dual_tree_hvg,1.1386079299263656
linear_trend_0.6,131072,6,dual_tree_hvg,1.3623422749806195
linear_trend_0.6,131072,7,dual_tree_hvg,1.2503316359361634
linear_trend_0.6,131072,8,dual_tree_hvg,0.8239081809297204
linear_trend_0.6,131072,9,dual_tree_hvg,1.1287915740394965
linear_trend_0.8,131072,0,dual_tree_hvg,1.110848163953051
linear_trend_0.8,131072,1,dual_tree_hvg,0.9462604519212618
linear_trend_0.8,131072,2,dual_tree_hvg,1.4444559530820698
linear_trend_0.8,131072,3,dual_tree_hvg,0.9062232989817858
linear_trend_0.8,131072,4,dual_tree_hvg,1.1949066090164706
linear_trend_0.8,131072,5,dual_tree_hvg,1.4255050930660218
linear_trend_0.8,131072,6,dual_tree_hvg,1.1914889240870252
linear_trend_0.8,131072,7,dual_tree_hvg,0.8872635959414765
linear_trend_0.8,131072,8,dual_tree_hvg,1.1057447280036286
linear_trend_0.8,131072,9,dual_tree_hvg,0.9605947289383039
linear_trend_1.0,131072,0,dual_tree_hvg,1.20508556405548
linear_trend_1.0,131072,1,dual_tree_hvg,0.8180144319776446
linear_trend_1.0,131072,2,dual_tree_hvg,1.0191454869927838
linear_trend_1.0,131072,3,dual_tree_hvg,1.3031476499745622
linear_trend_1.0,131072,4,dual_tree_hvg,0.9579040569951758
linear_trend_1.0,131072,5,dual_tree_hvg,1.0695537809515372
linear_trend_1.0,131072,6,dual_tree_hvg,0.7672135180328041
linear_trend_1.0,131072,7,dual_tree_hvg,1.1079388189828023
linear_trend_1.0,131072,8,dual_tree_hvg,0.9333047930849716
linear_trend_1.0,131072,9,dual_tree_hvg,1.239385488908738
linear_trend_1.2,131072,0,dual_tree_hvg,1.0898230969905853
linear_trend_1.2,131072,1,dual_tree_hvg,1.3533058719476685
linear_trend_1.2,131072,2,dual_tree_hvg,1.1271495949476957
linear_trend_1.2,131072,3,dual_tree_hvg,0.9731489879777655
linear_trend_1.2,131072,4,dual_tree_hvg,1.1031852859305218
linear_trend_1.2,131072,5,dual_tree_hvg,0.9921975360484794
linear_trend_1.2,131072,6,dual_tree_hvg,0.7880483960034326
linear_trend_1.2,131072,7,dual_tree_hvg,0.8274488220922649
linear_trend_1.2,131072,8,dual_tree_hvg,1.0140030740294605
linear_trend_1.2,131072,9,dual_tree_hvg,1.0288789080223069
linear_trend_1.4,131072,0,dual_tree_hvg,0.9901846529683098
linear_trend_1.4,131072,1,dual_tree_hvg,0.8331463999347761
linear_trend_1.4,131072,2,dual_tree_hvg,0.8656403979985043
linear_trend_1.4,131072,3,dual_tree_hvg,0.8749777060002089
linear_trend_1.4,131072,4,dual_tree_hvg,0.8979014409705997
linear_trend_1.4,131072,5,dual_tree_hvg,0.9035957470769063
linear_trend_1.4,131072,6,dual_tree_hvg,0.8538385870633647
linear_trend_1.4,131072,7,dual_tree_hvg,0.85164801904466
linear_trend_1.4,131072,8,dual_tree_hvg,0.9606159890536219
linear_trend_1.4,131072,9,dual_tree_hvg,0.8193865770008415
linear_trend_1.6,131072,0,dual_tree_hvg,0.8476581920403987
linear_trend_1.6,131072,1,dual_tree_hvg,0.9193262249464169
linear_trend_1.6,131072,2,dual_tree_hvg,0.9168520009843633
linear_trend_1.6,131072,3,dual_tree_hvg,0.9214856879552826
linear_trend_1.6,131072,4,dual_tree_hvg,0.9238461059285328
linear_trend_1.6,131072,5,dual_tree_hvg,0.8441184191033244
linear_trend_1.6,131072,6,dual_tree_hvg,0.9541584309190512
linear_trend_1.6,131072,7,dual_tree_hvg,1.0827143869828433
linear_trend_1.6,131072,8,dual_tree_hvg,1.085814256919548
linear_trend_1.6,131072,9,dual_tree_hvg,0.868542889948003
linear_trend_1.8,131072,0,dual_tree_hvg,0.8716103020124137
linear_trend_1.8,131072,1,dual_tree_hvg,0.7241630679927766
linear_trend_1.8,131072,2,dual_tree_hvg,0.6633374319644645
linear_trend_1.8,131072,3,dual_tree_hvg,0.8082343159476295
linear_trend_1.8,131072,4,dual_tree_hvg,0.6831711300183088
linear_trend_1.8,131072,5,dual_tree_hvg,0.8510241770418361
linear_trend_1.8,131072,6,dual_tree_hvg,0.9045870170230046
linear_trend_1.8,131072,7,dual_tree_hvg,0.7797540330793709
linear_trend_1.8,131072,8,dual_tree_hvg,0.8721783590735868
linear_trend_1.8,131072,9,dual_tree_hvg,0.8258083449909464
linear_trend_2.0,131072,0,dual_tree_hvg,0.68736680096481
linear_trend_2.0,131072,1,dual_tree_hvg,0.8412005850113928
linear_trend_2.0,131072,2,dual_tree_hvg,0.8380140160443261
linear_trend_2.0,131072,3,dual_tree_hvg,0.8322483879746869
linear_trend_2.0,131072,4,dual_tree_hvg,0.8479278170270845
linear_trend_2.0,131072,5,dual_tree_hvg,0.848179176915437
linear_trend_2.0,131072,6,dual_tree_hvg,0.7214097710093483
linear_trend_2.0,131072,7,dual_tree_hvg,0.8691668149549514
linear_trend_2.0,131072,8,dual_tree_hvg,0.8280019200174138
linear_trend_2.0,131072,9,dual_tree_hvg,1.0755955000640824
linear_trend_2.2,131072,0,dual_tree_hvg,0.7455120999366045
linear_trend_2.2,131072,1,dual_tree_hvg,0.9060015969444066
linear_trend_2.2,131072,2,dual_tree_hvg,0.9260341799817979
linear_trend_2.2,131072,3,dual_tree_hvg,0.8329723669448867
linear_trend_2.2,131072,4,dual_tree_hvg,0.9033117640065029
linear_trend_2.2,131072,5,dual_tree_hvg,0.8904381960164756
linear_trend_2.2,131072,6,dual_tree_hvg,1.0136762330075726
linear_trend_2.2,131072,7,dual_tree_hvg,0.7733741910196841
linear_trend_2.2,131072,8,dual_tree_hvg,0.8593126990599558
linear_trend_2.2,131072,9,dual_tree_hvg,0.8392885939683765
linear_trend_2.4,131072,0,dual_tree_hvg,0.8445823390502483
linear_trend_2.4,131072,1,dual_tree_hvg,0.7323773289099336
linear_trend_2.4,131072,2,dual_tree_hvg,0.932709785993211
linear_trend_2.4,131072,3,dual_tree_hvg,0.9171388050308451
linear_trend_2.4,131072,4,dual_tree_hvg,0.9535753630334511
linear_trend_2.4,131072,5,dual_tree_hvg,1.0059494079323485
linear_trend_2.4,131072,6,dual_tree_hvg,0.8230494990712032
linear_trend_2.4,131072,7,dual_tree_hvg,0.9081714079948142
linear_trend_2.4,131072,8,dual_tree_hvg,0.9834913739468902
linear_trend_2.4,131072,9,dual_tree_hvg,0.8934881270397455
linear_trend_2.6,131072,0,dual_tree_hvg,0.9039431660203263
linear_trend_2.6,131072,1,dual_tree_hvg,0.9118560210336
linear_trend_2.6,131072,2,dual_tree_hvg,0.7869149589678273
linear_trend_2.6,131072,3,dual_tree_hvg,0.7488346269819885
linear_trend_2.6,131072,4,dual_tree_hvg,0.9217701239977032
linear_trend_2.6,131072,5,dual_tree_hvg,0.9889930159552023
linear_trend_2.6,131072,6,dual_tree_hvg,0.6064567000139505
linear_trend_2.6,131072,7,dual_tree_hvg,0.9281493329908699
linear_trend_2.6,131072,8,dual_tree_hvg,0.7402624660171568
linear_trend_2.6,131072,9,dual_tree_hvg,1.1197276029270142
linear_trend_2.8,131072,0,dual_tree_hvg,0.7594118859851733
linear_trend_2.8,131072,1,dual_tree_hvg,0.9978222720092162
linear_trend_2.8,131072,2,dual_tree_hvg,0.7607124500209466
linear_trend_2.8,131072,3,dual_tree_hvg,0.8448341510957107
linear_trend_2.8,131072,4,dual_tree_hvg,0.8391474490053952
linear_trend_2.8,131072,5,dual_tree_hvg,0.7916108630597591
linear_trend_2.8,131072,6,dual_tree_hvg,0.8142992299981415
linear_trend_2.8,131072,7,dual_tree_hvg,0.57952511892654
linear_trend_2.8,131072,8,dual_tree_hvg,0.9628992700017989
linear_trend_2.8,131072,9,dual_tree_hvg,0.7371314479969442
linear_trend_3.0,131072,0,dual_tree_hvg,0.8947786660864949
linear_trend_3.0,131072,1,dual_tree_hvg,0.8499824330210686
linear_trend_3.0,131072,2,dual_tree_hvg,0.8995484820334241
linear_trend_3.0,131072,3,dual_tree_hvg,0.769107504049316
linear_trend_3.0,131072,4,dual_tree_hvg,0.9678244120441377
linear_trend_3.0,131072,5,dual_tree_hvg,0.9582394560566172
linear_trend_3.0,131072,6,dual_tree_hvg,0.7776773689547554
linear_trend_3.0,131072,7,dual_tree_hvg,0.7807360049337149
linear_trend_3.0,131072,8,dual_tree_hvg,0.7194487699307501
linear_trend_3.0,131072,9,dual_tree_hvg,0.7510382600594312
seasonal_frequency_1.0,131072,0,dual_tree_hvg,0.7835405089426786
seasonal_frequency_1.0,131072,1,dual_tree_hvg,0.6894684090511873
seasonal_frequency_1.0,131072,2,dual_tree_hvg,0.6983479739865288
seasonal_frequency_1.0,131072,3,dual_tree_hvg,0.6994698389898986
seasonal_frequency_1.0,131072,4,dual_tree_hvg,0.7176871109986678
seasonal_frequency_1.0,131072,5,dual_tree_hvg,0.7575979339890182
seasonal_frequency_1.0,131072,6,dual_tree_hvg,0.7557474150089547
seasonal_frequency_1.0,131072,7,dual_tree_hvg,0.7903975170338526
seasonal_frequency_1.0,131072,8,dual_tree_hvg,0.6681325510144234
seasonal_frequency_1.0,131072,9,dual_tree_hvg,0.7731240630382672
seasonal_frequency_1.2,131072,0,dual_tree_hvg,0.8491944570560008
seasonal_frequency_1.2,131072,1,dual_tree_hvg,0.7321409629657865
seasonal_frequency_1.2,131072,2,dual_tree_hvg,0.7008279700530693
seasonal_frequency_1.2,131072,3,dual_tree_hvg,0.7386544600594789
seasonal_frequency_1.2,131072,4,dual_tree_hvg,0.7124652169877663
seasonal_frequency_1.2,131072,5,dual_tree_hvg,0.7701133410446346
seasonal_frequency_1.2,131072,6,dual_tree_hvg,0.8313944999827072
seasonal_frequency_1.2,131072,7,dual_tree_hvg,0.8341780630871654
seasonal_frequency_1.2,131072,8,dual_tree_hvg,0.8146237059263512
seasonal_frequency_1.2,131072,9,dual_tree_hvg,0.7556157959625125
seasonal_frequency_1.4,131072,0,dual_tree_hvg,0.8146903160959482
seasonal_frequency_1.4,131072,1,dual_tree_hvg,0.8234569620108232
seasonal_frequency_1.4,131072,2,dual_tree_hvg,0.7968509889906272
seasonal_frequency_1.4,131072,3,dual_tree_hvg,0.7476229249732569
seasonal_frequency_1.4,131072,4,dual_tree_hvg,0.7525876049185172
seasonal_frequency_1.4,131072,5,dual_tree_hvg,0.7582959800492972
seasonal_frequency_1.4,131072,6,dual_tree_hvg,0.8382696419721469
seasonal_frequency_1.4,131072,7,dual_tree_hvg,0.8184703890001401
seasonal_frequency_1.4,131072,8,dual_tree_hvg,0.7822293400531635
seasonal_frequency_1.4,131072,9,dual_tree_hvg,0.8102320930920541
seasonal_frequency_1.6,131072,0,dual_tree_hvg,0.8511712370673195
seasonal_frequency_1.6,131072,1,dual_tree_hvg,0.7202596589922905
seasonal_frequency_1.6,131072,2,dual_tree_hvg,0.89428012794815
seasonal_frequency_1.6,131072,3,dual_tree_hvg,0.7540350089548156
seasonal_frequency_1.6,131072,4,dual_tree_hvg,0.8414668129989877
seasonal_frequency_1.6,131072,5,dual_tree_hvg,0.9506955390097573
seasonal_frequency_1.6,131072,6,dual_tree_hvg,0.8509091780288145
seasonal_frequency_1.6,131072,7,dual_tree_hvg,0.8607657939428464
seasonal_frequency_1.6,131072,8,dual_tree_hvg,0.8398534079315141
seasonal_frequency_1.6,131072,9,dual_tree_hvg,0.6396938730031252
seasonal_frequency_1.8,131072,0,dual_tree_hvg,0.8541052079526708
seasonal_frequency_1.8,131072,1,dual_tree_hvg,0.8611899940297008
seasonal_frequency_1.8,131072,2,dual_tree_hvg,0.927813651971519
seasonal_frequency_1.8,131072,3,dual_tree_hvg,0.7305413030553609
seasonal_frequency_1.8,131072,4,dual_tree_hvg,0.9153107069432735
seasonal_frequency_1.8,131072,5,dual_tree_hvg,0.9114456679672003
seasonal_frequency_1.8,131072,6,dual_tree_hvg,0.8548842651071027
seasonal_frequency_1.8,131072,7,dual_tree_hvg,0.7000137540744618
seasonal_frequency_1.8,131072,8,dual_tree_hvg,0.7662283229874447
seasonal_frequency_1.8,131072,9,dual_tree_hvg,0.8257762070279568
seasonal_frequency_2.0,131072,0,dual_tree_hvg,0.6912701170658693
seasonal_frequency_2.0,131072,1,dual_tree_hvg,0.7357045180397108
seasonal_frequency_2.0,131072,2,dual_tree_hvg,0.8675998189719394
seasonal_frequency_2.0,131072,3,dual_tree_hvg,0.9727948650252074
seasonal_frequency_2.0,131072,4,dual_tree_hvg,0.7607442389708012
seasonal_frequency_2.0,131072,5,dual_tree_hvg,0.9291573039954528
seasonal_frequency_2.0,131072,6,dual_tree_hvg,0.7066341940080747
seasonal_frequency_2.0,131072,7,dual_tree_hvg,0.7730620409129187
seasonal_frequency_2.0,131072,8,dual_tree_hvg,0.8133935160003603
seasonal_frequency_2.0,131072,9,dual_tree_hvg,0.7743748490465805
seasonal_frequency_2.2,131072,0,dual_tree_hvg,0.7685777239967138
seasonal_frequency_2.2,131072,1,dual_tree_hvg,0.9095837339991704
seasonal_frequency_2.2,131072,2,dual_tree_hvg,0.6165056180907413
seasonal_frequency_2.2,131072,3,dual_tree_hvg,0.7468073519412428
seasonal_frequency_2.2,131072,4,dual_tree_hvg,0.5236343949800357
seasonal_frequency_2.2,131072,5,dual_tree_hvg,0.581152645056136
seasonal_frequency_2.2,131072,6,dual_tree_hvg,0.7185381370363757
seasonal_frequency_2.2,131072,7,dual_tree_hvg,0.7647192809963599
seasonal_frequency_2.2,131072,8,dual_tree_hvg,0.8342742959503084
seasonal_frequency_2.2,131072,9,dual_tree_hvg,0.7678431170061231
seasonal_frequency_2.4,131072,0,dual_tree_hvg,0.8246119220275432
seasonal_frequency_2.4,131072,1,dual_tree_hvg,0.83189004403539
seasonal_frequency_2.4,131072,2,dual_tree_hvg,0.7112410300178453
seasonal_frequency_2.4,131072,3,dual_tree_hvg,0.8453870310913771
seasonal_frequency_2.4,131072,4,dual_tree_hvg,0.9225077020237222
seasonal_frequency_2.4,131072,5,dual_tree_hvg,0.71217534202151
seasonal_frequency_2.4,131072,6,dual_tree_hvg,0.728428001049906
seasonal_frequency_2.4,131072,7,dual_tree_hvg,0.8500402889912948
seasonal_frequency_2.4,131072,8,dual_tree_hvg,0.8551182759692892
seasonal_frequency_2.4,131072,9,dual_tree_hvg,0.5056460330961272
seasonal_frequency_2.6,131072,0,dual_tree_hvg,0.813508216990158
seasonal_frequency_2.6,131072,1,dual_tree_hvg,0.8384279139572755
seasonal_frequency_2.6,131072,2,dual_tree_hvg,0.6626774769974872
seasonal_frequency_2.6,131072,3,dual_tree_hvg,0.7665266999974847
seasonal_frequency_2.6,131072,4,dual_tree_hvg,0.788467861013487
seasonal_frequency_2.6,131072,5,dual_tree_hvg,0.7157901949249208
seasonal_frequency_2.6,131072,6,dual_tree_hvg,0.855162666994147
seasonal_frequency_2.6,131072,7,dual_tree_hvg,0.7597036159131676
seasonal_frequency_2.6,131072,8,dual_tree_hvg,0.5203379570739344
seasonal_frequency_2.6,131072,9,dual_tree_hvg,0.7984902139287442
seasonal_frequency_2.8,131072,0,dual_tree_hvg,0.5331924880156294
seasonal_frequency_2.8,131072,1,dual_tree_hvg,0.6320113079855219
seasonal_frequency_2.8,131072,2,dual_tree_hvg,0.6613269760273397
seasonal_frequency_2.8,131072,3,dual_tree_hvg,0.7667435500770807
seasonal_frequency_2.8,131072,4,dual_tree_hvg,0.6516342469258234
seasonal_frequency_2.8,131072,5,dual_tree_hvg,0.8458884130232036
seasonal_frequency_2.8,131072,6,dual_tree_hvg,0.7576036739628762
seasonal_frequency_2.8,131072,7,dual_tree_hvg,0.7955324680078775
seasonal_frequency_2.8,131072,8,dual_tree_hvg,0.7861064739990979
seasonal_frequency_2.8,131072,9,dual_tree_hvg,0.6344667100347579
seasonal_frequency_3.0,131072,0,dual_tree_hvg,0.7336100960383192
seasonal_frequency_3.0,131072,1,dual_tree_hvg,0.6786011169897392
seasonal_frequency_3.0,131072,2,dual_tree_hvg,0.8069425759604201
seasonal_frequency_3.0,131072,3,dual_tree_hvg,0.7505425669951364
seasonal_frequency_3.0,131072,4,dual_tree_hvg,0.7356312179472297
seasonal_frequency_3.0,131072,5,dual_tree_hvg,0.8877077400684357
seasonal_frequency_3.0,131072,6,dual_tree_hvg,0.7408175929449499
seasonal_frequency_3.0,131072,7,dual_tree_hvg,0.530579527025111
seasonal_frequency_3.0,131072,8,dual_tree_hvg,0.5585332909831777
seasonal_frequency_3.0,131072,9,dual_tree_hvg,0.8797135069034994
seasonal_frequency_3.2,131072,0,dual_tree_hvg,0.7394226570613682
seasonal_frequency_3.2,131072,1,dual_tree_hvg,0.9350043600425124
seasonal_frequency_3.2,131072,2,dual_tree_hvg,0.8629887499846518
seasonal_frequency_3.2,131072,3,dual_tree_hvg,0.8325328169157729
seasonal_frequency_3.2,131072,4,dual_tree_hvg,0.654498043935746
seasonal_frequency_3.2,131072,5,dual_tree_hvg,0.8877295489655808
seasonal_frequency_3.2,131072,6,dual_tree_hvg,0.8419695500051603
seasonal_frequency_3.2,131072,7,dual_tree_hvg,0.8499280760297552
seasonal_frequency_3.2,131072,8,dual_tree_hvg,0.8234376440523192
seasonal_frequency_3.2,131072,9,dual_tree_hvg,0.811388112953864
seasonal_frequency_3.4,131072,0,dual_tree_hvg,0.6963476579403505
seasonal_frequency_3.4,131072,1,dual_tree_hvg,0.8946582220960408
seasonal_frequency_3.4,131072,2,dual_tree_hvg,0.7218754900386557
seasonal_frequency_3.4,131072,3,dual_tree_hvg,0.6313221179880202
seasonal_frequency_3.4,131072,4,dual_tree_hvg,0.8783700179774314
seasonal_frequency_3.4,131072,5,dual_tree_hvg,0.9899729560129344
seasonal_frequency_3.4,131072,6,dual_tree_hvg,0.7786166509613395
seasonal_frequency_3.4,131072,7,dual_tree_hvg,0.8015793419908732
seasonal_frequency_3.4,131072,8,dual_tree_hvg,0.8917673580581322
seasonal_frequency_3.4,131072,9,dual_tree_hvg,1.0183943959418684
seasonal_frequency_3.6,131072,0,dual_tree_hvg,0.8847151999361813
seasonal_frequency_3.6,131072,1,dual_tree_hvg,0.8438599439105019
seasonal_frequency_3.6,131072,2,dual_tree_hvg,0.9043059620307758
seasonal_frequency_3.6,131072,3,dual_tree_hvg,1.0408868209924549
seasonal_frequency_3.6,131072,4,dual_tree_hvg,0.6690689019160345
seasonal_frequency_3.6,131072,5,dual_tree_hvg,0.8392600170336664
seasonal_frequency_3.6,131072,6,dual_tree_hvg,0.7646636499557644
seasonal_frequency_3.6,131072,7,dual_tree_hvg,0.8572652819566429
seasonal_frequency_3.6,131072,8,dual_tree_hvg,0.8431883859448135
seasonal_frequency_3.6,131072,9,dual_tree_hvg,0.8287532209651545
seasonal_frequency_3.8,131072,0,dual_tree_hvg,0.855201939935796
seasonal_frequency_3.8,131072,1,dual_tree_hvg,0.7816594659816474
seasonal_frequency_3.8,131072,2,dual_tree_hvg,0.8743902000132948
seasonal_frequency_3.8,131072,3,dual_tree_hvg,0.9299114659661427
seasonal_frequency_3.8,131072,4,dual_tree_hvg,0.9380317670293152
seasonal_frequency_3.8,131072,5,dual_tree_hvg,0.9549601440085098
seasonal_frequency_3.8,131072,6,dual_tree_hvg,0.7948851609835401
seasonal_frequency_3.8,131072,7,dual_tree_hvg,0.7351166669977829
seasonal_frequency_3.8,131072,8,dual_tree_hvg,0.8991012029582635
seasonal_frequency_3.8,131072,9,dual_tree_hvg,0.927228701999411
seasonal_frequency_4.0,131072,0,dual_tree_hvg,0.5834782250458375
seasonal_frequency_4.0,131072,1,dual_tree_hvg,0.7923338909167796
seasonal_frequency_4.0,131072,2,dual_tree_hvg,1.0022541789803654
seasonal_frequency_4.0,131072,3,dual_tree_hvg,0.8271855199709535
seasonal_frequency_4.0,131072,4,dual_tree_hvg,0.7932134389411658
seasonal_frequency_4.0,131072,5,dual_tree_hvg,0.6747333690291271
seasonal_frequency_4.0,131072,6,dual_tree_hvg,0.5719788849819452
seasonal_frequency_4.0,131072,7,dual_tree_hvg,0.7323754299432039
seasonal_frequency_4.0,131072,8,dual_tree_hvg,0.8640970210544765
seasonal_frequency_4.0,131072,9,dual_tree_hvg,0.7909539850661531
seasonal_amplitude_0.0,131072,0,dual_tree_hvg,0.7062700899550691
seasonal_amplitude_0.0,131072,1,dual_tree_hvg,0.6452381979906932
seasonal_amplitude_0.0,131072,2,dual_tree_hvg,0.8302946259500459
seasonal_amplitude_0.0,131072,3,dual_tree_hvg,0.9058649269863963
seasonal_amplitude_0.0,131072,4,dual_tree_hvg,0.7128982309950516
seasonal_amplitude_0.0,131072,5,dual_tree_hvg,0.6743395100347698
seasonal_amplitude_0.0,131072,6,dual_tree_hvg,0.9213029079837725
seasonal_amplitude_0.0,131072,7,dual_tree_hvg,0.7126006659818813
seasonal_amplitude_0.0,131072,8,dual_tree_hvg,0.6676096769515425
seasonal_amplitude_0.0,131072,9,dual_tree_hvg,0.8350206019822508
seasonal_amplitude_0.2,131072,0,dual_tree_hvg,0.7266616330016404
seasonal_amplitude_0.2,131072,1,dual_tree_hvg,0.6288730880478397
seasonal_amplitude_0.2,131072,2,dual_tree_hvg,0.6894564600661397
seasonal_amplitude_0.2,131072,3,dual_tree_hvg,0.8029021599795669
seasonal_amplitude_0.2,131072,4,dual_tree_hvg,0.6410379109438509
seasonal_amplitude_0.2,131072,5,dual_tree_hvg,0.7654192099580541
seasonal_amplitude_0.2,131072,6,dual_tree_hvg,0.7042635909747332
seasonal_amplitude_0.2,131072,7,dual_tree_hvg,0.8587244239170104
seasonal_amplitude_0.2,131072,8,dual_tree_hvg,0.7542793720494956
seasonal_amplitude_0.2,131072,9,dual_tree_hvg,0.7349130569491535
seasonal_amplitude_0.4,131072,0,dual_tree_hvg,0.7480919109657407
seasonal_amplitude_0.4,131072,1,dual_tree_hvg,0.7559183220146224
seasonal_amplitude_0.4,131072,2,dual_tree_hvg,0.7537310679908842
seasonal_amplitude_0.4,131072,3,dual_tree_hvg,0.8972660739673302
seasonal_amplitude_0.4,131072,4,dual_tree_hvg,0.7531743359286338
seasonal_amplitude_0.4,131072,5,dual_tree_hvg,0.8613231380004436
seasonal_amplitude_0.4,131072,6,dual_tree_hvg,0.760964052984491
seasonal_amplitude_0.4,131072,7,dual_tree_hvg,0.671892378013581
seasonal_amplitude_0.4,131072,8,dual_tree_hvg,0.9701860719360411
seasonal_amplitude_0.4,131072,9,dual_tree_hvg,0.8115795899648219
seasonal_amplitude_0.6,131072,0,dual_tree_hvg,0.8675298390444368
seasonal_amplitude_0.6,131072,1,dual_tree_hvg,0.8256690980633721
seasonal_amplitude_0.6,131072,2,dual_tree_hvg,0.7353754030773416
seasonal_amplitude_0.6,131072,3,dual_tree_hvg,0.7835091849556193
seasonal_amplitude_0.6,131072,4,dual_tree_hvg,0.5760850339429453
seasonal_amplitude_0.6,131072,5,dual_tree_hvg,0.878987839911133
seasonal_amplitude_0.6,131072,6,dual_tree_hvg,0.7333083209814504
seasonal_amplitude_0.6,131072,7,dual_tree_hvg,0.7577300850534812
seasonal_amplitude_0.6,131072,8,dual_tree_hvg,0.733602478983812
seasonal_amplitude_0.6,131072,9,dual_tree_hvg,0.8936185169732198
seasonal_amplitude_0.8,131072,0,dual_tree_hvg,0.8860865239985287
seasonal_amplitude_0.8,131072,1,dual_tree_hvg,0.9494516459526494
seasonal_amplitude_0.8,131072,2,dual_tree_hvg,0.6926386139821261
seasonal_amplitude_0.8,131072,3,dual_tree_hvg,0.7374970350647345
seasonal_amplitude_0.8,131072,4,dual_tree_hvg,0.852959188981913
seasonal_amplitude_0.8,131072,5,dual_tree_hvg,0.6424639249453321
seasonal_amplitude_0.8,131072,6,dual_tree_hvg,0.8428077870048583
seasonal_amplitude_0.8,131072,7,dual_tree_hvg,0.7832352709956467
seasonal_amplitude_0.8,131072,8,dual_tree_hvg,0.6471104099182412
seasonal_amplitude_0.8,131072,9,dual_tree_hvg,0.5294267249992117
seasonal_amplitude_1.0,131072,0,dual_tree_hvg,0.6874919879483059
seasonal_amplitude_1.0,131072,1,dual_tree_hvg,0.808881399105303
seasonal_amplitude_1.0,131072,2,dual_tree_hvg,0.7798454799922183
seasonal_amplitude_1.0,131072,3,dual_tree_hvg,0.688941317028366
seasonal_amplitude_1.0,131072,4,dual_tree_hvg,0.7447996640112251
seasonal_amplitude_1.0,131072,5,dual_tree_hvg,0.7465028500882909
seasonal_amplitude_1.0,131072,6,dual_tree_hvg,0.6072158520109951
seasonal_amplitude_1.0,131072,7,dual_tree_hvg,0.747855270979926
seasonal_amplitude_1.0,131072,8,dual_tree_hvg,0.8386594989569858
seasonal_amplitude_1.0,131072,9,dual_tree_hvg,0.5934287109412253
seasonal_amplitude_1.2,131072,0,dual_tree_hvg,0.7768341180635616
seasonal_amplitude_1.2,131072,1,dual_tree_hvg,0.6826745530124754
seasonal_amplitude_1.2,131072,2,dual_tree_hvg,0.8013576529920101
seasonal_amplitude_1.2,131072,3,dual_tree_hvg,0.7834210770670325
seasonal_amplitude_1.2,131072,4,dual_tree_hvg,0.8351514659589157
seasonal_amplitude_1.2,131072,5,dual_tree_hvg,0.7653638779884204
seasonal_amplitude_1.2,131072,6,dual_tree_hvg,0.8324213670566678
seasonal_amplitude_1.2,131072,7,dual_tree_hvg,0.8249485359992832
seasonal_amplitude_1.2,131072,8,dual_tree_hvg,0.8049769999925047
seasonal_amplitude_1.2,131072,9,dual_tree_hvg,0.7656331389443949
seasonal_amplitude_1.4,131072,0,dual_tree_hvg,0.7712613469921052
seasonal_amplitude_1.4,131072,1,dual_tree_hvg,0.7052385288989171
seasonal_amplitude_1.4,131072,2,dual_tree_hvg,0.7971066759200767
seasonal_amplitude_1.4,131072,3,dual_tree_hvg,0.78527779399883
seasonal_amplitude_1.4,131072,4,dual_tree_hvg,0.649827110930346
seasonal_amplitude_1.4,131072,5,dual_tree_hvg,0.751532056950964
seasonal_amplitude_1.4,131072,6,dual_tree_hvg,0.7131078119855374
seasonal_amplitude_1.4,131072,7,dual_tree_hvg,0.6769327129004523
seasonal_amplitude_1.4,131072,8,dual_tree_hvg,0.5313917329767719
seasonal_amplitude_1.4,131072,9,dual_tree_hvg,0.5361864869482815
seasonal_amplitude_1.6,131072,0,dual_tree_hvg,0.766584319062531
seasonal_amplitude_1.6,131072,1,dual_tree_hvg,0.5746904780389741
seasonal_amplitude_1.6,131072,2,dual_tree_hvg,0.7396904439665377
seasonal_amplitude_1.6,131072,3,dual_tree_hvg,0.8000159640796483
seasonal_amplitude_1.6,131072,4,dual_tree_hvg,0.6195417719427496
seasonal_amplitude_1.6,131072,5,dual_tree_hvg,0.8035534709924832
seasonal_amplitude_1.6,131072,6,dual_tree_hvg,0.7969990320270881
seasonal_amplitude_1.6,131072,7,dual_tree_hvg,0.7757582940394059
seasonal_amplitude_1.6,131072,8,dual_tree_hvg,0.7603437079815194
seasonal_amplitude_1.6,131072,9,dual_tree_hvg,0.7489833269501105
seasonal_amplitude_1.8,131072,0,dual_tree_hvg,0.6594804860651493
seasonal_amplitude_1.8,131072,1,dual_tree_hvg,0.744742268929258
seasonal_amplitude_1.8,131072,2,dual_tree_hvg,0.6807276140898466
seasonal_amplitude_1.8,131072,3,dual_tree_hvg,0.6475830969866365
seasonal_amplitude_1.8,131072,4,dual_tree_hvg,0.7751953559927642
seasonal_amplitude_1.8,131072,5,dual_tree_hvg,0.7220581519650295
seasonal_amplitude_1.8,131072,6,dual_tree_hvg,0.7781405120622367
seasonal_amplitude_1.8,131072,7,dual_tree_hvg,0.7996325610438362
seasonal_amplitude_1.8,131072,8,dual_tree_hvg,0.7591438179370016
seasonal_amplitude_1.8,131072,9,dual_tree_hvg,0.6078804989811033
seasonal_amplitude_2.0,131072,0,dual_tree_hvg,0.8375526620075107
seasonal_amplitude_2.0,131072,1,dual_tree_hvg,0.6997659769840539
seasonal_amplitude_2.0,131072,2,dual_tree_hvg,0.7852783610578626
seasonal_amplitude_2.0,131072,3,dual_tree_hvg,0.7292505439836532
seasonal_amplitude_2.0,131072,4,dual_tree_hvg,0.5506012290716171
seasonal_amplitude_2.0,131072,5,dual_tree_hvg,0.66122267593164
seasonal_amplitude_2.0,131072,6,dual_tree_hvg,0.7203100629849359
seasonal_amplitude_2.0,131072,7,dual_tree_hvg,0.7628290270222351
seasonal_amplitude_2.0,131072,8,dual_tree_hvg,0.6088352530496195
seasonal_amplitude_2.0,131072,9,dual_tree_hvg,0.5093801309121773
seasonal_amplitude_2.2,131072,0,dual_tree_hvg,0.5206305000465363
seasonal_amplitude_2.2,131072,1,dual_tree_hvg,0.7889129359973595
seasonal_amplitude_2.2,131072,2,dual_tree_hvg,0.5388228279771283
seasonal_amplitude_2.2,131072,3,dual_tree_hvg,0.6195084309438244
seasonal_amplitude_2.2,131072,4,dual_tree_hvg,0.7459583389572799
seasonal_amplitude_2.2,131072,5,dual_tree_hvg,0.7497295279754326
seasonal_amplitude_2.2,131072,6,dual_tree_hvg,0.7781424080021679
seasonal_amplitude_2.2,131072,7,dual_tree_hvg,0.47623071598354727
seasonal_amplitude_2.2,131072,8,dual_tree_hvg,0.6808081479975954
seasonal_amplitude_2.2,131072,9,dual_tree_hvg,0.6900934460572898
seasonal_amplitude_2.4,131072,0,dual_tree_hvg,0.5874619210371748
seasonal_amplitude_2.4,131072,1,dual_tree_hvg,0.43618596403393894
seasonal_amplitude_2.4,131072,2,dual_tree_hvg,0.6857576310867444
seasonal_amplitude_2.4,131072,3,dual_tree_hvg,0.5297890609363094
seasonal_amplitude_2.4,131072,4,dual_tree_hvg,0.7415899630868807
seasonal_amplitude_2.4,131072,5,dual_tree_hvg,0.7080150209367275
seasonal_amplitude_2.4,131072,6,dual_tree_hvg,0.4669720309320837
seasonal_amplitude_2.4,131072,7,dual_tree_hvg,0.5695145180216059
seasonal_amplitude_2.4,131072,8,dual_tree_hvg,0.5625667209969833
seasonal_amplitude_2.4,131072,9,dual_tree_hvg,0.7528280509868637
seasonal_amplitude_2.6,131072,0,dual_tree_hvg,0.6950087059522048
seasonal_amplitude_2.6,131072,1,dual_tree_hvg,0.6355247549945489
seasonal_amplitude_2.6,131072,2,dual_tree_hvg,0.7341021740576252
seasonal_amplitude_2.6,131072,3,dual_tree_hvg,0.7589239570079371
seasonal_amplitude_2.6,131072,4,dual_tree_hvg,0.6162730150390416
seasonal_amplitude_2.6,131072,5,dual_tree_hvg,0.683999323984608
seasonal_amplitude_2.6,131072,6,dual_tree_hvg,0.6882760319858789
seasonal_amplitude_2.6,131072,7,dual_tree_hvg,0.7406681490829214
seasonal_amplitude_2.6,131072,8,dual_tree_hvg,0.5218794730026275
seasonal_amplitude_2.6,131072,9,dual_tree_hvg,0.5722739009652287
seasonal_amplitude_2.8,131072,0,dual_tree_hvg,0.6390634949784726
seasonal_amplitude_2.8,131072,1,dual_tree_hvg,0.7794973910786211
seasonal_amplitude_2.8,131072,2,dual_tree_hvg,0.7305328829679638
seasonal_amplitude_2.8,131072,3,dual_tree_hvg,0.7517923580016941
seasonal_amplitude_2.8,131072,4,dual_tree_hvg,0.7322370520560071
seasonal_amplitude_2.8,131072,5,dual_tree_hvg,0.8852740969741717
seasonal_amplitude_2.8,131072,6,dual_tree_hvg,0.5386481389869004
seasonal_amplitude_2.8,131072,7,dual_tree_hvg,0.5866374908946455
seasonal_amplitude_2.8,131072,8,dual_tree_hvg,0.5746502260444686
seasonal_amplitude_2.8,131072,9,dual_tree_hvg,0.7574962920043617
seasonal_amplitude_3.0,131072,0,dual_tree_hvg,0.7181488000787795
seasonal_amplitude_3.0,131072,1,dual_tree_hvg,0.7053073190618306
seasonal_amplitude_3.0,131072,2,dual_tree_hvg,0.6486204469110817
seasonal_amplitude_3.0,131072,3,dual_tree_hvg,0.6461780339013785
seasonal_amplitude_3.0,131072,4,dual_tree_hvg,0.6715057520195842
seasonal_amplitude_3.0,131072,5,dual_tree_hvg,0.7950033179949969
seasonal_amplitude_3.0,131072,6,dual_tree_hvg,0.7597354630706832
seasonal_amplitude_3.0,131072,7,dual_tree_hvg,0.7267902450403199
seasonal_amplitude_3.0,131072,8,dual_tree_hvg,0.8123282539891079
seasonal_amplitude_3.0,131072,9,dual_tree_hvg,0.807974420953542
fbm_0.20,131072,0,binary_search_hvg,3.750090426998213
fbm_0.20,131072,1,binary_search_hvg,4.707862759009004
fbm_0.20,131072,2,binary_search_hvg,4.491508361068554
fbm_0.20,131072,3,binary_search_hvg,5.292822903953493
fbm_0.20,131072,4,binary_search_hvg,5.382538608042523
fbm_0.20,131072,5,binary_search_hvg,5.19393016200047
fbm_0.20,131072,6,binary_search_hvg,6.2704798659542575
fbm_0.20,131072,7,binary_search_hvg,6.004884974914603
fbm_0.20,131072,8,binary_search_hvg,6.7368958700681105
fbm_0.20,131072,9,binary_search_hvg,15.12015331001021
fbm_0.25,131072,0,binary_search_hvg,15.365406525088474
fbm_0.25,131072,1,binary_search_hvg,16.403005911037326
fbm_0.25,131072,2,binary_search_hvg,16.5690091769211
fbm_0.25,131072,3,binary_search_hvg,9.606125267106108
fbm_0.25,131072,4,binary_search_hvg,17.438292411039583
fbm_0.25,131072,5,binary_search_hvg,17.889179920079187
fbm_0.25,131072,6,binary_search_hvg,17.888532437034883
fbm_0.25,131072,7,binary_search_hvg,18.791778635932133
fbm_0.25,131072,8,binary_search_hvg,18.763859459082596
fbm_0.25,131072,9,binary_search_hvg,18.372153501026332
fbm_0.30,131072,0,binary_search_hvg,23.304392265039496
fbm_0.30,131072,1,binary_search_hvg,23.10499088896904
fbm_0.30,131072,2,binary_search_hvg,21.286260909051634
fbm_0.30,131072,3,binary_search_hvg,24.866957645048387
fbm_0.30,131072,4,binary_search_hvg,26.411942883976735
fbm_0.30,131072,5,binary_search_hvg,26.91270245902706
fbm_0.30,131072,6,binary_search_hvg,26.881268469034694
fbm_0.30,131072,7,binary_search_hvg,27.22701087698806
fbm_0.30,131072,8,binary_search_hvg,27.00366078701336
fbm_0.30,131072,9,binary_search_hvg,27.183073958964087
fbm_0.35,131072,0,binary_search_hvg,27.686574933002703
fbm_0.35,131072,1,binary_search_hvg,27.58552044793032
fbm_0.35,131072,2,binary_search_hvg,29.564441697089933
fbm_0.35,131072,3,binary_search_hvg,28.61892843199894
fbm_0.35,131072,4,binary_search_hvg,28.969941382994875
fbm_0.35,131072,5,binary_search_hvg,27.538219188922085
fbm_0.35,131072,6,binary_search_hvg,30.194058310007676
fbm_0.35,131072,7,binary_search_hvg,31.53101349400822
fbm_0.35,131072,8,binary_search_hvg,31.412855567992665
fbm_0.35,131072,9,binary_search_hvg,29.413370857015252
fbm_0.40,131072,0,binary_search_hvg,29.510237170034088
fbm_0.40,131072,1,binary_search_hvg,32.38520027301274
fbm_0.40,131072,2,binary_search_hvg,33.01889319799375
fbm_0.40,131072,3,binary_search_hvg,34.7509799109539
fbm_0.40,131072,4,binary_search_hvg,37.190778501098976
fbm_0.40,131072,5,binary_search_hvg,21.546201252029277
fbm_0.40,131072,6,binary_search_hvg,34.38371685508173
fbm_0.40,131072,7,binary_search_hvg,35.916255066986196
fbm_0.40,131072,8,binary_search_hvg,36.471974679036066
fbm_0.40,131072,9,binary_search_hvg,39.13521921704523
fbm_0.45,131072,0,binary_search_hvg,38.70647606707644
fbm_0.45,131072,1,binary_search_hvg,39.59481241798494
fbm_0.45,131072,2,binary_search_hvg,37.330018211039715
fbm_0.45,131072,3,binary_search_hvg,37.38367541891057
fbm_0.45,131072,4,binary_search_hvg,40.912673561950214
fbm_0.45,131072,5,binary_search_hvg,37.929718462051824
fbm_0.45,131072,6,binary_search_hvg,42.61136539897416
fbm_0.45,131072,7,binary_search_hvg,43.55692187801469
fbm_0.45,131072,8,binary_search_hvg,44.67694037500769
fbm_0.45,131072,9,binary_search_hvg,41.868734824005514
fbm_0.50,131072,0,binary_search_hvg,43.539015041082166
fbm_0.50,131072,1,binary_search_hvg,46.19118390895892
fbm_0.50,131072,2,binary_search_hvg,43.99899162107613
fbm_0.50,131072,3,binary_search_hvg,29.82504262996372
fbm_0.50,131072,4,binary_search_hvg,44.48719264101237
fbm_0.50,131072,5,binary_search_hvg,46.71004688204266
fbm_0.50,131072,6,binary_search_hvg,46.04958473693114
fbm_0.50,131072,7,binary_search_hvg,47.06515261402819
fbm_0.50,131072,8,binary_search_hvg,47.50785338995047
fbm_0.50,131072,9,binary_search_hvg,46.679967885953374
fbm_0.55,131072,0,binary_search_hvg,45.28995408001356
fbm_0.55,131072,1,binary_search_hvg,47.05752427899279
fbm_0.55,131072,2,binary_search_hvg,47.399207357899286
fbm_0.55,131072,3,binary_search_hvg,52.609923565993086
fbm_0.55,131072,4,binary_search_hvg,48.786337528028525
fbm_0.55,131072,5,binary_search_hvg,53.32786056306213
fbm_0.55,131072,6,binary_search_hvg,54.592670017969795
fbm_0.55,131072,7,binary_search_hvg,52.02222215605434
fbm_0.55,131072,8,binary_search_hvg,51.061237765010446
fbm_0.55,131072,9,binary_search_hvg,52.60072421806399
fbm_0.60,131072,0,binary_search_hvg,57.275163381011225
fbm_0.60,131072,1,binary_search_hvg,27.597747897030786
fbm_0.60,131072,2,binary_search_hvg,52.65823174093384
fbm_0.60,131072,3,binary_search_hvg,55.747487609041855
fbm_0.60,131072,4,binary_search_hvg,61.21106745605357
fbm_0.60,131072,5,binary_search_hvg,57.86899814498611
fbm_0.60,131072,6,binary_search_hvg,59.386310360976495
fbm_0.60,131072,7,binary_search_hvg,58.9439671500586
fbm_0.60,131072,8,binary_search_hvg,58.96941775199957
fbm_0.60,131072,9,binary_search_hvg,59.79810734000057
fbm_0.65,131072,0,binary_search_hvg,66.84232241101563
fbm_0.65,131072,1,binary_search_hvg,59.23124780494254
fbm_0.65,131072,2,binary_search_hvg,59.67261247092392
fbm_0.65,131072,3,binary_search_hvg,59.62339228100609
fbm_0.65,131072,4,binary_search_hvg,66.53494045103434
fbm_0.65,131072,5,binary_search_hvg,67.2001547110267
fbm_0.65,131072,6,binary_search_hvg,67.58948086004239
fbm_0.65,131072,7,binary_search_hvg,61.26848514797166
fbm_0.65,131072,8,binary_search_hvg,63.01425081002526
fbm_0.65,131072,9,binary_search_hvg,64.26135011599399
fbm_0.70,131072,0,binary_search_hvg,71.97085407702252
fbm_0.70,131072,1,binary_search_hvg,64.75245649192948
fbm_0.70,131072,2,binary_search_hvg,71.11260926502291
fbm_0.70,131072,3,binary_search_hvg,67.33883613604121
fbm_0.70,131072,4,binary_search_hvg,50.782969938009046
fbm_0.70,131072,5,binary_search_hvg,77.77005569194444
fbm_0.70,131072,6,binary_search_hvg,79.7082943029236
fbm_0.70,131072,7,binary_search_hvg,78.54767672391608
fbm_0.70,131072,8,binary_search_hvg,80.43240423500538
fbm_0.70,131072,9,binary_search_hvg,83.52905317605473
fbm_0.75,131072,0,binary_search_hvg,66.30770926899277
fbm_0.75,131072,1,binary_search_hvg,68.39355279202573
fbm_0.75,131072,2,binary_search_hvg,65.62838678609114
fbm_0.75,131072,3,binary_search_hvg,82.89080341998488
fbm_0.75,131072,4,binary_search_hvg,67.35756461299025
fbm_0.75,131072,5,binary_search_hvg,68.39398604491726
fbm_0.75,131072,6,binary_search_hvg,68.99119859200437
fbm_0.75,131072,7,binary_search_hvg,86.48815823101904
fbm_0.75,131072,8,binary_search_hvg,90.64571977197193
fbm_0.75,131072,9,binary_search_hvg,92.17239030601922
fbm_0.80,131072,0,binary_search_hvg,76.34683557599783
fbm_0.80,131072,1,binary_search_hvg,93.18541079200804
fbm_0.80,131072,2,binary_search_hvg,72.77668478398118
fbm_0.80,131072,3,binary_search_hvg,97.54141601501033
fbm_0.80,131072,4,binary_search_hvg,74.95608535292558
fbm_0.80,131072,5,binary_search_hvg,78.02219710906502
fbm_0.80,131072,6,binary_search_hvg,103.21095515298657
fbm_0.80,131072,7,binary_search_hvg,103.92741139500868
fbm_0.80,131072,8,binary_search_hvg,104.19663322495762
fbm_0.80,131072,9,binary_search_hvg,78.2865992540028
linear_trend_0.0,131072,0,binary_search_hvg,77.60661920404527
linear_trend_0.0,131072,1,binary_search_hvg,78.81735233403742
linear_trend_0.0,131072,2,binary_search_hvg,104.43439813097939
linear_trend_0.0,131072,3,binary_search_hvg,79.08906551601831
linear_trend_0.0,131072,4,binary_search_hvg,79.53324835095555
linear_trend_0.0,131072,5,binary_search_hvg,77.9666997839231
linear_trend_0.0,131072,6,binary_search_hvg,76.93437908997294
linear_trend_0.0,131072,7,binary_search_hvg,106.12813274399377
linear_trend_0.0,131072,8,binary_search_hvg,-1
linear_trend_0.0,131072,9,binary_search_hvg,69.86068566597532
linear_trend_0.2,131072,0,binary_search_hvg,77.81012181192636
linear_trend_0.2,131072,1,binary_search_hvg,76.42469469096977
linear_trend_0.2,131072,2,binary_search_hvg,109.46980297891423
linear_trend_0.2,131072,3,binary_search_hvg,103.01775261003058
linear_trend_0.2,131072,4,binary_search_hvg,64.2369936510222
linear_trend_0.2,131072,5,binary_search_hvg,79.21900376793928
linear_trend_0.2,131072,6,binary_search_hvg,80.27030026901048
linear_trend_0.2,131072,7,binary_search_hvg,60.34239580202848
linear_trend_0.2,131072,8,binary_search_hvg,84.4549174659187
linear_trend_0.2,131072,9,binary_search_hvg,83.24271470191889
linear_trend_0.4,131072,0,binary_search_hvg,80.29409334505908
linear_trend_0.4,131072,1,binary_search_hvg,118.47940103698056
linear_trend_0.4,131072,2,binary_search_hvg,118.94793442101218
linear_trend_0.4,131072,3,binary_search_hvg,117.46386829193216
linear_trend_0.4,131072,4,binary_search_hvg,83.54689945990685
linear_trend_0.4,131072,5,binary_search_hvg,86.5923778450815
linear_trend_0.4,131072,6,binary_search_hvg,62.709742560982704
linear_trend_0.4,131072,7,binary_search_hvg,93.83479206601623
linear_trend_0.4,131072,8,binary_search_hvg,90.58645933598746
linear_trend_0.4,131072,9,binary_search_hvg,88.65882637107279
linear_trend_0.6,131072,0,binary_search_hvg,103.7321726399241
linear_trend_0.6,131072,1,binary_search_hvg,126.27661696798168
linear_trend_0.6,131072,2,binary_search_hvg,93.30827990500256
linear_trend_0.6,131072,3,binary_search_hvg,94.41585546603892
linear_trend_0.6,131072,4,binary_search_hvg,38.5054914529901
linear_trend_0.6,131072,5,binary_search_hvg,111.41854550805874
linear_trend_0.6,131072,6,binary_search_hvg,135.2911448959494
linear_trend_0.6,131072,7,binary_search_hvg,94.37995449698064
linear_trend_0.6,131072,8,binary_search_hvg,87.7897003829712
linear_trend_0.6,131072,9,binary_search_hvg,92.86365250102244
linear_trend_0.8,131072,0,binary_search_hvg,91.47533013497014
linear_trend_0.8,131072,1,binary_search_hvg,52.84215397492517
linear_trend_0.8,131072,2,binary_search_hvg,112.47092387999874
linear_trend_0.8,131072,3,binary_search_hvg,140.24224010598846
linear_trend_0.8,131072,4,binary_search_hvg,97.6964063460473
linear_trend_0.8,131072,5,binary_search_hvg,140.8288132470334
linear_trend_0.8,131072,6,binary_search_hvg,93.91640216403175
linear_trend_0.8,131072,7,binary_search_hvg,90.12495988700539
linear_trend_0.8,131072,8,binary_search_hvg,55.44941946200561
linear_trend_0.8,131072,9,binary_search_hvg,91.33232904900797
linear_trend_1.0,131072,0,binary_search_hvg,96.59028001700062
linear_trend_1.0,131072,1,binary_search_hvg,145.9387831609929
linear_trend_1.0,131072,2,binary_search_hvg,93.28720860299654
linear_trend_1.0,131072,3,binary_search_hvg,98.50052579701878
linear_trend_1.0,131072,4,binary_search_hvg,95.96717901807278
linear_trend_1.0,131072,5,binary_search_hvg,95.33283625193872
linear_trend_1.0,131072,6,binary_search_hvg,72.91118151205592
linear_trend_1.0,131072,7,binary_search_hvg,94.38273335597478
linear_trend_1.0,131072,8,binary_search_hvg,95.42379174102098
linear_trend_1.0,131072,9,binary_search_hvg,101.61359913996421
linear_trend_1.2,131072,0,binary_search_hvg,99.73788558901288
linear_trend_1.2,131072,1,binary_search_hvg,157.22024047595914
linear_trend_1.2,131072,2,binary_search_hvg,92.9377427350264
linear_trend_1.2,131072,3,binary_search_hvg,156.87087412795518
linear_trend_1.2,131072,4,binary_search_hvg,100.6920431960607
linear_trend_1.2,131072,5,binary_search_hvg,98.61644477408845
linear_trend_1.2,131072,6,binary_search_hvg,111.54746551800054
linear_trend_1.2,131072,7,binary_search_hvg,58.28883556195069
linear_trend_1.2,131072,8,binary_search_hvg,50.83267980290111
linear_trend_1.2,131072,9,binary_search_hvg,103.81071972800419
linear_trend_1.4,131072,0,binary_search_hvg,102.95939944195561
linear_trend_1.4,131072,1,binary_search_hvg,57.334009998012334
linear_trend_1.4,131072,2,binary_search_hvg,103.48592633800581
linear_trend_1.4,131072,3,binary_search_hvg,103.0152149630012
linear_trend_1.4,131072,4,binary_search_hvg,95.08441526105162
linear_trend_1.4,131072,5,binary_search_hvg,67.25629864190705
linear_trend_1.4,131072,6,binary_search_hvg,60.4322104039602
linear_trend_1.4,131072,7,binary_search_hvg,95.9979300990235
linear_trend_1.4,131072,8,binary_search_hvg,162.531230891007
linear_trend_1.4,131072,9,binary_search_hvg,60.341670127003454
linear_trend_1.6,131072,0,binary_search_hvg,60.89068151800893
linear_trend_1.6,131072,1,binary_search_hvg,98.31846112001222
linear_trend_1.6,131072,2,binary_search_hvg,102.67439841502346
linear_trend_1.6,131072,3,binary_search_hvg,66.5110554730054
linear_trend_1.6,131072,4,binary_search_hvg,58.63830367196351
linear_trend_1.6,131072,5,binary_search_hvg,64.43338948104065
linear_trend_1.6,131072,6,binary_search_hvg,103.44473301700782
linear_trend_1.6,131072,7,binary_search_hvg,104.4258166999789
linear_trend_1.6,131072,8,binary_search_hvg,106.10625151195563
linear_trend_1.6,131072,9,binary_search_hvg,62.49218851700425
linear_trend_1.8,131072,0,binary_search_hvg,60.9685537739424
linear_trend_1.8,131072,1,binary_search_hvg,65.79990884405561
linear_trend_1.8,131072,2,binary_search_hvg,65.52250323095359
linear_trend_1.8,131072,3,binary_search_hvg,108.14725797798019
linear_trend_1.8,131072,4,binary_search_hvg,108.5389904360054
linear_trend_1.8,131072,5,binary_search_hvg,109.17206317104865
linear_trend_1.8,131072,6,binary_search_hvg,70.21293651603628
linear_trend_1.8,131072,7,binary_search_hvg,105.1254709380446
linear_trend_1.8,131072,8,binary_search_hvg,171.9979213749757
linear_trend_1.8,131072,9,binary_search_hvg,73.9768599900417
linear_trend_2.0,131072,0,binary_search_hvg,105.53075979393907
linear_trend_2.0,131072,1,binary_search_hvg,42.12100115499925
linear_trend_2.0,131072,2,binary_search_hvg,66.37057684396859
linear_trend_2.0,131072,3,binary_search_hvg,70.05178292200435
linear_trend_2.0,131072,4,binary_search_hvg,67.53795902000275
linear_trend_2.0,131072,5,binary_search_hvg,69.79244315996766
linear_trend_2.0,131072,6,binary_search_hvg,87.09089872404002
linear_trend_2.0,131072,7,binary_search_hvg,60.80124729801901
linear_trend_2.0,131072,8,binary_search_hvg,110.19547412905376
linear_trend_2.0,131072,9,binary_search_hvg,49.92128208302893
linear_trend_2.2,131072,0,binary_search_hvg,73.31752954702824
linear_trend_2.2,131072,1,binary_search_hvg,58.13280700799078
linear_trend_2.2,131072,2,binary_search_hvg,109.50992067798506
linear_trend_2.2,131072,3,binary_search_hvg,63.77690267004073
linear_trend_2.2,131072,4,binary_search_hvg,110.88901678298134
linear_trend_2.2,131072,5,binary_search_hvg,-1
linear_trend_2.2,131072,6,binary_search_hvg,63.383022324997
linear_trend_2.2,131072,7,binary_search_hvg,76.208989720908
linear_trend_2.2,131072,8,binary_search_hvg,56.24359732703306
linear_trend_2.2,131072,9,binary_search_hvg,63.45536364801228
linear_trend_2.4,131072,0,binary_search_hvg,53.68192747107241
linear_trend_2.4,131072,1,binary_search_hvg,57.26753153197933
linear_trend_2.4,131072,2,binary_search_hvg,77.68846472399309
linear_trend_2.4,131072,3,binary_search_hvg,60.61656618095003
linear_trend_2.4,131072,4,binary_search_hvg,50.82357438409235
linear_trend_2.4,131072,5,binary_search_hvg,187.33269340195693
linear_trend_2.4,131072,6,binary_search_hvg,103.1538952239789
linear_trend_2.4,131072,7,binary_search_hvg,55.49740145099349
linear_trend_2.4,131072,8,binary_search_hvg,47.32772511895746
linear_trend_2.4,131072,9,binary_search_hvg,51.36796053301077
linear_trend_2.6,131072,0,binary_search_hvg,186.53833546396345
linear_trend_2.6,131072,1,binary_search_hvg,55.35941580904182
linear_trend_2.6,131072,2,binary_search_hvg,55.39600218599662
linear_trend_2.6,131072,3,binary_search_hvg,115.93698629096616
linear_trend_2.6,131072,4,binary_search_hvg,56.57859929301776
linear_trend_2.6,131072,5,binary_search_hvg,111.17129389604088
linear_trend_2.6,131072,6,binary_search_hvg,51.11994492204394
linear_trend_2.6,131072,7,binary_search_hvg,59.32696775405202
linear_trend_2.6,131072,8,binary_search_hvg,109.00881412695162
linear_trend_2.6,131072,9,binary_search_hvg,54.56016906094737
linear_trend_2.8,131072,0,binary_search_hvg,60.18911692395341
linear_trend_2.8,131072,1,binary_search_hvg,60.13986237405334
linear_trend_2.8,131072,2,binary_search_hvg,109.94167074502911
linear_trend_2.8,131072,3,binary_search_hvg,54.598518528044224
linear_trend_2.8,131072,4,binary_search_hvg,89.11549714999273
linear_trend_2.8,131072,5,binary_search_hvg,58.29718372703064
linear_trend_2.8,131072,6,binary_search_hvg,56.70351117302198
linear_trend_2.8,131072,7,binary_search_hvg,111.15505281300284
linear_trend_2.8,131072,8,binary_search_hvg,48.796752616995946
linear_trend_2.8,131072,9,binary_search_hvg,84.23725870705675
linear_trend_3.0,131072,0,binary_search_hvg,118.35820495209191
linear_trend_3.0,131072,1,binary_search_hvg,115.1313756610034
linear_trend_3.0,131072,2,binary_search_hvg,53.48511739005335
linear_trend_3.0,131072,3,binary_search_hvg,63.44850116793532
linear_trend_3.0,131072,4,binary_search_hvg,56.03839890297968
linear_trend_3.0,131072,5,binary_search_hvg,110.63676079991274
linear_trend_3.0,131072,6,binary_search_hvg,56.167011871002614
linear_trend_3.0,131072,7,binary_search_hvg,112.11322921095416
linear_trend_3.0,131072,8,binary_search_hvg,118.71351113601122
linear_trend_3.0,131072,9,binary_search_hvg,55.05055787204765
seasonal_frequency_1.0,131072,0,binary_search_hvg,61.44242226902861
seasonal_frequency_1.0,131072,1,binary_search_hvg,117.35168649093248
seasonal_frequency_1.0,131072,2,binary_search_hvg,60.32582634908613
seasonal_frequency_1.0,131072,3,binary_search_hvg,61.916957586072385
seasonal_frequency_1.0,131072,4,binary_search_hvg,60.02177908306476
seasonal_frequency_1.0,131072,5,binary_search_hvg,58.9506817960646
seasonal_frequency_1.0,131072,6,binary_search_hvg,55.54646037495695
seasonal_frequency_1.0,131072,7,binary_search_hvg,52.331376368994825
seasonal_frequency_1.0,131072,8,binary_search_hvg,55.020810368005186
seasonal_frequency_1.0,131072,9,binary_search_hvg,55.18054995301645
seasonal_frequency_1.2,131072,0,binary_search_hvg,52.76809003902599
seasonal_frequency_1.2,131072,1,binary_search_hvg,49.235496386070736
seasonal_frequency_1.2,131072,2,binary_search_hvg,57.970287606003694
seasonal_frequency_1.2,131072,3,binary_search_hvg,49.7134730409598
seasonal_frequency_1.2,131072,4,binary_search_hvg,59.511840916005895
seasonal_frequency_1.2,131072,5,binary_search_hvg,55.68307809194084
seasonal_frequency_1.2,131072,6,binary_search_hvg,8.77288921107538
seasonal_frequency_1.2,131072,7,binary_search_hvg,58.050854595028795
seasonal_frequency_1.2,131072,8,binary_search_hvg,61.1978087159805
seasonal_frequency_1.2,131072,9,binary_search_hvg,65.53939272405114
seasonal_frequency_1.4,131072,0,binary_search_hvg,61.54636722209398
seasonal_frequency_1.4,131072,1,binary_search_hvg,152.3800718949642
seasonal_frequency_1.4,131072,2,binary_search_hvg,62.722813567030244
seasonal_frequency_1.4,131072,3,binary_search_hvg,52.38479490799364
seasonal_frequency_1.4,131072,4,binary_search_hvg,45.232210993999615
seasonal_frequency_1.4,131072,5,binary_search_hvg,56.762200567056425
seasonal_frequency_1.4,131072,6,binary_search_hvg,52.92129136400763
seasonal_frequency_1.4,131072,7,binary_search_hvg,75.60198762593791
seasonal_frequency_1.4,131072,8,binary_search_hvg,49.82562065706588
seasonal_frequency_1.4,131072,9,binary_search_hvg,52.96146460890304
seasonal_frequency_1.6,131072,0,binary_search_hvg,8.641389516065829
seasonal_frequency_1.6,131072,1,binary_search_hvg,9.931023259996437
seasonal_frequency_1.6,131072,2,binary_search_hvg,52.2252578639891
seasonal_frequency_1.6,131072,3,binary_search_hvg,49.5506107469555
seasonal_frequency_1.6,131072,4,binary_search_hvg,8.870374065008946
seasonal_frequency_1.6,131072,5,binary_search_hvg,8.204024725942872
seasonal_frequency_1.6,131072,6,binary_search_hvg,48.142031498020515
seasonal_frequency_1.6,131072,7,binary_search_hvg,10.083804987953044
seasonal_frequency_1.6,131072,8,binary_search_hvg,9.635911023011431
seasonal_frequency_1.6,131072,9,binary_search_hvg,48.163406119914725
seasonal_frequency_1.8,131072,0,binary_search_hvg,44.50381875701714
seasonal_frequency_1.8,131072,1,binary_search_hvg,48.37104439199902
seasonal_frequency_1.8,131072,2,binary_search_hvg,10.482499008998275
seasonal_frequency_1.8,131072,3,binary_search_hvg,52.02439668797888
seasonal_frequency_1.8,131072,4,binary_search_hvg,50.39953582291491
seasonal_frequency_1.8,131072,5,binary_search_hvg,56.714885827037506
seasonal_frequency_1.8,131072,6,binary_search_hvg,8.983479688991793
seasonal_frequency_1.8,131072,7,binary_search_hvg,51.37437630398199
seasonal_frequency_1.8,131072,8,binary_search_hvg,53.32195007498376
seasonal_frequency_1.8,131072,9,binary_search_hvg,55.01343494199682
seasonal_frequency_2.0,131072,0,binary_search_hvg,48.211471241898835
seasonal_frequency_2.0,131072,1,binary_search_hvg,50.66832332697231
seasonal_frequency_2.0,131072,2,binary_search_hvg,47.84265963092912
seasonal_frequency_2.0,131072,3,binary_search_hvg,50.398824993055314
seasonal_frequency_2.0,131072,4,binary_search_hvg,51.719033276080154
seasonal_frequency_2.0,131072,5,binary_search_hvg,48.9037270079134
seasonal_frequency_2.0,131072,6,binary_search_hvg,50.57263871491887
seasonal_frequency_2.0,131072,7,binary_search_hvg,52.192153365002014
seasonal_frequency_2.0,131072,8,binary_search_hvg,53.00455191498622
seasonal_frequency_2.0,131072,9,binary_search_hvg,-1
seasonal_frequency_2.2,131072,0,binary_search_hvg,48.40949567698408
seasonal_frequency_2.2,131072,1,binary_search_hvg,52.656103684101254
seasonal_frequency_2.2,131072,2,binary_search_hvg,52.76008537004236
seasonal_frequency_2.2,131072,3,binary_search_hvg,-1
seasonal_frequency_2.2,131072,4,binary_search_hvg,51.52796398801729
seasonal_frequency_2.2,131072,5,binary_search_hvg,42.17797666799743
seasonal_frequency_2.2,131072,6,binary_search_hvg,50.825768557959236
seasonal_frequency_2.2,131072,7,binary_search_hvg,53.739104549982585
seasonal_frequency_2.2,131072,8,binary_search_hvg,51.365252768970095
seasonal_frequency_2.2,131072,9,binary_search_hvg,45.413641948020086
seasonal_frequency_2.4,131072,0,binary_search_hvg,50.50456343800761
seasonal_frequency_2.4,131072,1,binary_search_hvg,54.71401887596585
seasonal_frequency_2.4,131072,2,binary_search_hvg,49.94175113399979
seasonal_frequency_2.4,131072,3,binary_search_hvg,51.82220690604299
seasonal_frequency_2.4,131072,4,binary_search_hvg,55.02557694702409
seasonal_frequency_2.4,131072,5,binary_search_hvg,45.239995906013064
seasonal_frequency_2.4,131072,6,binary_search_hvg,48.251887998892926
seasonal_frequency_2.4,131072,7,binary_search_hvg,48.666383364005014
seasonal_frequency_2.4,131072,8,binary_search_hvg,55.144411880057305
seasonal_frequency_2.4,131072,9,binary_search_hvg,61.98911707603838
seasonal_frequency_2.6,131072,0,binary_search_hvg,44.43640055297874
seasonal_frequency_2.6,131072,1,binary_search_hvg,54.64420892205089
seasonal_frequency_2.6,131072,2,binary_search_hvg,53.24078388395719
seasonal_frequency_2.6,131072,3,binary_search_hvg,45.8003206809517
seasonal_frequency_2.6,131072,4,binary_search_hvg,45.405401317053474
seasonal_frequency_2.6,131072,5,binary_search_hvg,43.58736983907875
seasonal_frequency_2.6,131072,6,binary_search_hvg,52.72367027704604
seasonal_frequency_2.6,131072,7,binary_search_hvg,43.89907156105619
seasonal_frequency_2.6,131072,8,binary_search_hvg,-1
seasonal_frequency_2.6,131072,9,binary_search_hvg,52.65619448199868
seasonal_frequency_2.8,131072,0,binary_search_hvg,48.19615374109708
seasonal_frequency_2.8,131072,1,binary_search_hvg,50.65529263904318
seasonal_frequency_2.8,131072,2,binary_search_hvg,47.86325160297565
seasonal_frequency_2.8,131072,3,binary_search_hvg,68.49429331207648
seasonal_frequency_2.8,131072,4,binary_search_hvg,47.31158756802324
seasonal_frequency_2.8,131072,5,binary_search_hvg,61.37518203293439
seasonal_frequency_2.8,131072,6,binary_search_hvg,45.36470279702917
seasonal_frequency_2.8,131072,7,binary_search_hvg,42.52208968391642
seasonal_frequency_2.8,131072,8,binary_search_hvg,55.42236804799177
seasonal_frequency_2.8,131072,9,binary_search_hvg,47.3348721510265
seasonal_frequency_3.0,131072,0,binary_search_hvg,52.39185849193018
seasonal_frequency_3.0,131072,1,binary_search_hvg,49.39427012507804
seasonal_frequency_3.0,131072,2,binary_search_hvg,47.32297254202422
seasonal_frequency_3.0,131072,3,binary_search_hvg,48.462673953035846
seasonal_frequency_3.0,131072,4,binary_search_hvg,49.36829042097088
seasonal_frequency_3.0,131072,5,binary_search_hvg,58.998355258023366
seasonal_frequency_3.0,131072,6,binary_search_hvg,35.79805145901628
seasonal_frequency_3.0,131072,7,binary_search_hvg,37.817041330970824
seasonal_frequency_3.0,131072,8,binary_search_hvg,56.17517678998411
seasonal_frequency_3.0,131072,9,binary_search_hvg,36.01591736602131
seasonal_frequency_3.2,131072,0,binary_search_hvg,38.57086196390446
seasonal_frequency_3.2,131072,1,binary_search_hvg,38.18806543701794
seasonal_frequency_3.2,131072,2,binary_search_hvg,59.382435805979185
seasonal_frequency_3.2,131072,3,binary_search_hvg,38.60330033604987
seasonal_frequency_3.2,131072,4,binary_search_hvg,40.62938892398961
seasonal_frequency_3.2,131072,5,binary_search_hvg,51.815703643951565
seasonal_frequency_3.2,131072,6,binary_search_hvg,42.13649031193927
seasonal_frequency_3.2,131072,7,binary_search_hvg,40.88266570598353
seasonal_frequency_3.2,131072,8,binary_search_hvg,51.08322280005086
seasonal_frequency_3.2,131072,9,binary_search_hvg,-1
seasonal_frequency_3.4,131072,0,binary_search_hvg,-1
seasonal_frequency_3.4,131072,1,binary_search_hvg,44.307942593004555
seasonal_frequency_3.4,131072,2,binary_search_hvg,103.85651938000228
seasonal_frequency_3.4,131072,3,binary_search_hvg,10.799868184956722
seasonal_frequency_3.4,131072,4,binary_search_hvg,-1
seasonal_frequency_3.4,131072,5,binary_search_hvg,50.72530634503346
seasonal_frequency_3.4,131072,6,binary_search_hvg,-1
seasonal_frequency_3.4,131072,7,binary_search_hvg,51.192967614973895
seasonal_frequency_3.4,131072,8,binary_search_hvg,106.94239213003311
seasonal_frequency_3.4,131072,9,binary_search_hvg,50.27367476793006
seasonal_frequency_3.6,131072,0,binary_search_hvg,52.08663820195943
seasonal_frequency_3.6,131072,1,binary_search_hvg,269.92296932497993
seasonal_frequency_3.6,131072,2,binary_search_hvg,240.79922241100576
seasonal_frequency_3.6,131072,3,binary_search_hvg,52.59893000498414
seasonal_frequency_3.6,131072,4,binary_search_hvg,56.77623905206565
seasonal_frequency_3.6,131072,5,binary_search_hvg,58.02362530503888
seasonal_frequency_3.6,131072,6,binary_search_hvg,58.154642262961715
seasonal_frequency_3.6,131072,7,binary_search_hvg,57.092576763010584
seasonal_frequency_3.6,131072,8,binary_search_hvg,94.35573531500995
seasonal_frequency_3.6,131072,9,binary_search_hvg,62.08154255396221
seasonal_frequency_3.8,131072,0,binary_search_hvg,248.71260211407207
seasonal_frequency_3.8,131072,1,binary_search_hvg,241.14102420199197
seasonal_frequency_3.8,131072,2,binary_search_hvg,46.92854820599314
seasonal_frequency_3.8,131072,3,binary_search_hvg,61.331332792993635
seasonal_frequency_3.8,131072,4,binary_search_hvg,63.12220859597437
seasonal_frequency_3.8,131072,5,binary_search_hvg,61.761904153972864
seasonal_frequency_3.8,131072,6,binary_search_hvg,51.34709170588758
seasonal_frequency_3.8,131072,7,binary_search_hvg,48.64911959297024
seasonal_frequency_3.8,131072,8,binary_search_hvg,45.44316230202094
seasonal_frequency_3.8,131072,9,binary_search_hvg,50.62681202904787
seasonal_frequency_4.0,131072,0,binary_search_hvg,66.25281567906495
seasonal_frequency_4.0,131072,1,binary_search_hvg,64.78912251803558
seasonal_frequency_4.0,131072,2,binary_search_hvg,66.18954643106554
seasonal_frequency_4.0,131072,3,binary_search_hvg,211.58973627595697
seasonal_frequency_4.0,131072,4,binary_search_hvg,68.35284406400751
seasonal_frequency_4.0,131072,5,binary_search_hvg,69.90653847588692
seasonal_frequency_4.0,131072,6,binary_search_hvg,256.8482047689613
seasonal_frequency_4.0,131072,7,binary_search_hvg,100.86894135305192
seasonal_frequency_4.0,131072,8,binary_search_hvg,70.19425708602648
seasonal_frequency_4.0,131072,9,binary_search_hvg,291.6742525980808
seasonal_amplitude_0.0,131072,0,binary_search_hvg,72.22277002199553
seasonal_amplitude_0.0,131072,1,binary_search_hvg,71.88931662798859
seasonal_amplitude_0.0,131072,2,binary_search_hvg,-1
seasonal_amplitude_0.0,131072,3,binary_search_hvg,70.42197725398
seasonal_amplitude_0.0,131072,4,binary_search_hvg,-1
seasonal_amplitude_0.0,131072,5,binary_search_hvg,74.5105294289533
seasonal_amplitude_0.0,131072,6,binary_search_hvg,105.18818337796256
seasonal_amplitude_0.0,131072,7,binary_search_hvg,75.35340270400047
seasonal_amplitude_0.0,131072,8,binary_search_hvg,76.31899492093362
seasonal_amplitude_0.0,131072,9,binary_search_hvg,107.50545008503832
seasonal_amplitude_0.2,131072,0,binary_search_hvg,80.48075952602085
seasonal_amplitude_0.2,131072,1,binary_search_hvg,75.83234371198341
seasonal_amplitude_0.2,131072,2,binary_search_hvg,79.23661494394764
seasonal_amplitude_0.2,131072,3,binary_search_hvg,-1
seasonal_amplitude_0.2,131072,4,binary_search_hvg,86.20758681895677
seasonal_amplitude_0.2,131072,5,binary_search_hvg,82.05510937201325
seasonal_amplitude_0.2,131072,6,binary_search_hvg,82.30661147099454
seasonal_amplitude_0.2,131072,7,binary_search_hvg,84.02745650196448
seasonal_amplitude_0.2,131072,8,binary_search_hvg,84.7880236520432
seasonal_amplitude_0.2,131072,9,binary_search_hvg,-1
seasonal_amplitude_0.4,131072,0,binary_search_hvg,85.98854363104329
seasonal_amplitude_0.4,131072,1,binary_search_hvg,86.67506188503467
seasonal_amplitude_0.4,131072,2,binary_search_hvg,87.90192827803548
seasonal_amplitude_0.4,131072,3,binary_search_hvg,84.8364469941007
seasonal_amplitude_0.4,131072,4,binary_search_hvg,92.56164644705132
seasonal_amplitude_0.4,131072,5,binary_search_hvg,87.33653912495356
seasonal_amplitude_0.4,131072,6,binary_search_hvg,92.50547711795662
seasonal_amplitude_0.4,131072,7,binary_search_hvg,113.69333318492863
seasonal_amplitude_0.4,131072,8,binary_search_hvg,91.38022502395324
seasonal_amplitude_0.4,131072,9,binary_search_hvg,-1
seasonal_amplitude_0.6,131072,0,binary_search_hvg,92.69514241209254
seasonal_amplitude_0.6,131072,1,binary_search_hvg,-1
seasonal_amplitude_0.6,131072,2,binary_search_hvg,96.43841865006834
seasonal_amplitude_0.6,131072,3,binary_search_hvg,-1
seasonal_amplitude_0.6,131072,4,binary_search_hvg,96.49193426396232
seasonal_amplitude_0.6,131072,5,binary_search_hvg,-1
seasonal_amplitude_0.6,131072,6,binary_search_hvg,99.40038796095178
seasonal_amplitude_0.6,131072,7,binary_search_hvg,102.34587274596561
seasonal_amplitude_0.6,131072,8,binary_search_hvg,99.00756589090452
seasonal_amplitude_0.6,131072,9,binary_search_hvg,101.93796316697262
seasonal_amplitude_0.8,131072,0,binary_search_hvg,-1
seasonal_amplitude_0.8,131072,1,binary_search_hvg,98.2960404100595
seasonal_amplitude_0.8,131072,2,binary_search_hvg,103.59356116899289
seasonal_amplitude_0.8,131072,3,binary_search_hvg,-1
seasonal_amplitude_0.8,131072,4,binary_search_hvg,105.01460784196388
seasonal_amplitude_0.8,131072,5,binary_search_hvg,102.91801205696538
seasonal_amplitude_0.8,131072,6,binary_search_hvg,104.03573192097247
seasonal_amplitude_0.8,131072,7,binary_search_hvg,100.76174666499719
seasonal_amplitude_0.8,131072,8,binary_search_hvg,-1
seasonal_amplitude_0.8,131072,9,binary_search_hvg,105.45562743104529
seasonal_amplitude_1.0,131072,0,binary_search_hvg,109.71891411102843
seasonal_amplitude_1.0,131072,1,binary_search_hvg,64.71456831600517
seasonal_amplitude_1.0,131072,2,binary_search_hvg,111.87739097105805
seasonal_amplitude_1.0,131072,3,binary_search_hvg,-1
seasonal_amplitude_1.0,131072,4,binary_search_hvg,-1
seasonal_amplitude_1.0,131072,5,binary_search_hvg,69.78002689406276
seasonal_amplitude_1.0,131072,6,binary_search_hvg,-1
seasonal_amplitude_1.0,131072,7,binary_search_hvg,-1
seasonal_amplitude_1.0,131072,8,binary_search_hvg,106.64771456108429
seasonal_amplitude_1.0,131072,9,binary_search_hvg,109.79586903995369
seasonal_amplitude_1.2,131072,0,binary_search_hvg,109.57674002402928
seasonal_amplitude_1.2,131072,1,binary_search_hvg,117.47246410301886
seasonal_amplitude_1.2,131072,2,binary_search_hvg,113.31056950299535
seasonal_amplitude_1.2,131072,3,binary_search_hvg,111.77137436403427
seasonal_amplitude_1.2,131072,4,binary_search_hvg,-1
seasonal_amplitude_1.2,131072,5,binary_search_hvg,113.00534872000571
seasonal_amplitude_1.2,131072,6,binary_search_hvg,115.3225586770568
seasonal_amplitude_1.2,131072,7,binary_search_hvg,-1
seasonal_amplitude_1.2,131072,8,binary_search_hvg,-1
seasonal_amplitude_1.2,131072,9,binary_search_hvg,113.57968710607383
seasonal_amplitude_1.4,131072,0,binary_search_hvg,-1
seasonal_amplitude_1.4,131072,1,binary_search_hvg,-1
seasonal_amplitude_1.4,131072,2,binary_search_hvg,112.6119069160195
seasonal_amplitude_1.4,131072,3,binary_search_hvg,139.6280858760001
seasonal_amplitude_1.4,131072,4,binary_search_hvg,116.50957690109499
seasonal_amplitude_1.4,131072,5,binary_search_hvg,121.56143667304423
seasonal_amplitude_1.4,131072,6,binary_search_hvg,115.81673978792969
seasonal_amplitude_1.4,131072,7,binary_search_hvg,111.34095146204345
seasonal_amplitude_1.4,131072,8,binary_search_hvg,142.54028417507652
seasonal_amplitude_1.4,131072,9,binary_search_hvg,116.65178413398098
seasonal_amplitude_1.6,131072,0,binary_search_hvg,112.54973615903873
seasonal_amplitude_1.6,131072,1,binary_search_hvg,-1
seasonal_amplitude_1.6,131072,2,binary_search_hvg,-1
seasonal_amplitude_1.6,131072,3,binary_search_hvg,119.6561304529896
seasonal_amplitude_1.6,131072,4,binary_search_hvg,118.3002941859886
seasonal_amplitude_1.6,131072,5,binary_search_hvg,123.6838934229454
seasonal_amplitude_1.6,131072,6,binary_search_hvg,-1
seasonal_amplitude_1.6,131072,7,binary_search_hvg,119.69225873006508
seasonal_amplitude_1.6,131072,8,binary_search_hvg,117.03568343701772
seasonal_amplitude_1.6,131072,9,binary_search_hvg,120.44368823198602
seasonal_amplitude_1.8,131072,0,binary_search_hvg,121.66632151301019
seasonal_amplitude_1.8,131072,1,binary_search_hvg,119.91581455303822
seasonal_amplitude_1.8,131072,2,binary_search_hvg,108.85461068095174
seasonal_amplitude_1.8,131072,3,binary_search_hvg,108.54806456994265
seasonal_amplitude_1.8,131072,4,binary_search_hvg,124.6214595430065
seasonal_amplitude_1.8,131072,5,binary_search_hvg,-1
seasonal_amplitude_1.8,131072,6,binary_search_hvg,123.27976523002144
seasonal_amplitude_1.8,131072,7,binary_search_hvg,119.09693145391066
seasonal_amplitude_1.8,131072,8,binary_search_hvg,117.8011483369628
seasonal_amplitude_1.8,131072,9,binary_search_hvg,121.71760132000782
seasonal_amplitude_2.0,131072,0,binary_search_hvg,-1
seasonal_amplitude_2.0,131072,1,binary_search_hvg,-1
seasonal_amplitude_2.0,131072,2,binary_search_hvg,-1
seasonal_amplitude_2.0,131072,3,binary_search_hvg,122.26164035405964
seasonal_amplitude_2.0,131072,4,binary_search_hvg,113.28360944497399
seasonal_amplitude_2.0,131072,5,binary_search_hvg,112.24119769199751
seasonal_amplitude_2.0,131072,6,binary_search_hvg,120.43910181208048
seasonal_amplitude_2.0,131072,7,binary_search_hvg,113.48592486802954
seasonal_amplitude_2.0,131072,8,binary_search_hvg,103.34642789396457
seasonal_amplitude_2.0,131072,9,binary_search_hvg,109.4780030590482
seasonal_amplitude_2.2,131072,0,binary_search_hvg,116.92125170910731
seasonal_amplitude_2.2,131072,1,binary_search_hvg,-1
seasonal_amplitude_2.2,131072,2,binary_search_hvg,-1
seasonal_amplitude_2.2,131072,3,binary_search_hvg,-1
seasonal_amplitude_2.2,131072,4,binary_search_hvg,123.27632795204408
seasonal_amplitude_2.2,131072,5,binary_search_hvg,108.40047185192816
seasonal_amplitude_2.2,131072,6,binary_search_hvg,-1
seasonal_amplitude_2.2,131072,7,binary_search_hvg,-1
seasonal_amplitude_2.2,131072,8,binary_search_hvg,119.75970217608847
seasonal_amplitude_2.2,131072,9,binary_search_hvg,102.81692959507927
seasonal_amplitude_2.4,131072,0,binary_search_hvg,105.05015721102245
seasonal_amplitude_2.4,131072,1,binary_search_hvg,121.58471371093765
seasonal_amplitude_2.4,131072,2,binary_search_hvg,123.67922793701291
seasonal_amplitude_2.4,131072,3,binary_search_hvg,107.78469127602875
seasonal_amplitude_2.4,131072,4,binary_search_hvg,113.85320476896595
seasonal_amplitude_2.4,131072,5,binary_search_hvg,-1
seasonal_amplitude_2.4,131072,6,binary_search_hvg,116.2838633209467
seasonal_amplitude_2.4,131072,7,binary_search_hvg,104.64387797005475
seasonal_amplitude_2.4,131072,8,binary_search_hvg,113.99436348199379
seasonal_amplitude_2.4,131072,9,binary_search_hvg,-1
seasonal_amplitude_2.6,131072,0,binary_search_hvg,98.77975112409331
seasonal_amplitude_2.6,131072,1,binary_search_hvg,111.17478548700456
seasonal_amplitude_2.6,131072,2,binary_search_hvg,113.27933212404605
seasonal_amplitude_2.6,131072,3,binary_search_hvg,101.12621990498155
seasonal_amplitude_2.6,131072,4,binary_search_hvg,113.0426640890073
seasonal_amplitude_2.6,131072,5,binary_search_hvg,107.63127549504861
seasonal_amplitude_2.6,131072,6,binary_search_hvg,-1
seasonal_amplitude_2.6,131072,7,binary_search_hvg,112.46822689694818
seasonal_amplitude_2.6,131072,8,binary_search_hvg,114.55043963098433
seasonal_amplitude_2.6,131072,9,binary_search_hvg,-1
seasonal_amplitude_2.8,131072,0,binary_search_hvg,98.3919228540035
seasonal_amplitude_2.8,131072,1,binary_search_hvg,114.91339583497029
seasonal_amplitude_2.8,131072,2,binary_search_hvg,117.3837732039392
seasonal_amplitude_2.8,131072,3,binary_search_hvg,107.31966442498378
seasonal_amplitude_2.8,131072,4,binary_search_hvg,101.02964508603327
seasonal_amplitude_2.8,131072,5,binary_search_hvg,143.51099055400118
seasonal_amplitude_2.8,131072,6,binary_search_hvg,121.0468676519813
seasonal_amplitude_2.8,131072,7,binary_search_hvg,107.63498891692143
seasonal_amplitude_2.8,131072,8,binary_search_hvg,112.81601236597635
seasonal_amplitude_2.8,131072,9,binary_search_hvg,106.31454475608189
seasonal_amplitude_3.0,131072,0,binary_search_hvg,107.35602899699006
seasonal_amplitude_3.0,131072,1,binary_search_hvg,102.3705324298935
seasonal_amplitude_3.0,131072,2,binary_search_hvg,113.2058195839636
seasonal_amplitude_3.0,131072,3,binary_search_hvg,106.52400802704506
seasonal_amplitude_3.0,131072,4,binary_search_hvg,-1
seasonal_amplitude_3.0,131072,5,binary_search_hvg,103.08921676594764
seasonal_amplitude_3.0,131072,6,binary_search_hvg,-1
seasonal_amplitude_3.0,131072,7,binary_search_hvg,-1
seasonal_amplitude_3.0,131072,8,binary_search_hvg,-1
seasonal_amplitude_3.0,131072,9,binary_search_hvg,-1
